what,kind,bundleId,bundleVersion,description,time
activated,workbench,org.eclipse.ui.workbench,3.7.0.I20110519-0100,"",1320970234640
executed,command,org.eclipse.jdt.ui,3.7.1.r371_v20110824-0800,"org.eclipse.jdt.ui.edit.text.java.rename.element",1320970234671
opened,editor,org.eclipse.wst.xml.ui,1.1.201.v201108151912,"org.eclipse.wst.xml.ui.internal.tabletree.XMLMultiPageEditorPart",1320970237296
activated,editor,org.eclipse.wst.xml.ui,1.1.201.v201108151912,"org.eclipse.wst.xml.ui.internal.tabletree.XMLMultiPageEditorPart",1320970237421
started,bundle,org.eclipse.jdt.junit,3.7.0.v20110505-0800,"org.eclipse.jdt.junit",1320970240718
activated,editor,org.eclipse.jdt.ui,3.7.1.r371_v20110824-0800,"org.eclipse.jdt.ui.CompilationUnitEditor",1320970240750
activated,view,org.eclipse.wst.server.ui,1.1.306.v20110823_1704,"org.eclipse.wst.server.ui.ServersView",1320970306593
executed,command,org.eclipse.wst.server.ui,1.1.306.v20110823_1704,"org.eclipse.wst.server.run",1320970312765
activated,view,org.eclipse.ui.console,3.5.100.v20110511,"org.eclipse.ui.console.ConsoleView",1320970313843
activated,view,org.eclipse.wst.server.ui,1.1.306.v20110823_1704,"org.eclipse.wst.server.ui.ServersView",1320970315171
deactivated,workbench,org.eclipse.ui.workbench,3.7.0.I20110519-0100,"",1320970344312
activated,workbench,org.eclipse.ui.workbench,3.7.0.I20110519-0100,"",1320970625484
activated,view,org.eclipse.ui.navigator.resources,3.4.300.I20110421-1800,"org.eclipse.ui.navigator.ProjectExplorer",1320970627078
deactivated,workbench,org.eclipse.ui.workbench,3.7.0.I20110519-0100,"",1320970630015
activated,workbench,org.eclipse.ui.workbench,3.7.0.I20110519-0100,"",1320970722500
executed,command,org.eclipse.ui,3.7.0.I20110602-0100,"org.eclipse.ui.newWizard",1320970722546
activated,view,org.eclipse.wst.server.ui,1.1.306.v20110823_1704,"org.eclipse.wst.server.ui.ServersView",1320970725671
deactivated,workbench,org.eclipse.ui.workbench,3.7.0.I20110519-0100,"",1320970728093
activated,workbench,org.eclipse.ui.workbench,3.7.0.I20110519-0100,"",1320970734843
executed,command,org.eclipse.ui,3.7.0.I20110602-0100,"org.eclipse.ui.file.properties",1320970734875
activated,view,org.eclipse.ui.navigator.resources,3.4.300.I20110421-1800,"org.eclipse.ui.navigator.ProjectExplorer",1320970859093
activated,editor,org.eclipse.jdt.ui,3.7.1.r371_v20110824-0800,"org.eclipse.jdt.ui.CompilationUnitEditor",1320970860171
activated,view,org.eclipse.ui.navigator.resources,3.4.300.I20110421-1800,"org.eclipse.ui.navigator.ProjectExplorer",1320970861109
activated,editor,org.eclipse.jdt.ui,3.7.1.r371_v20110824-0800,"org.eclipse.jdt.ui.CompilationUnitEditor",1320970863859
activated,view,org.eclipse.ui.navigator.resources,3.4.300.I20110421-1800,"org.eclipse.ui.navigator.ProjectExplorer",1320970868156
activated,editor,org.eclipse.jdt.ui,3.7.1.r371_v20110824-0800,"org.eclipse.jdt.ui.CompilationUnitEditor",1320970870937
activated,editor,org.eclipse.wst.xml.ui,1.1.201.v201108151912,"org.eclipse.wst.xml.ui.internal.tabletree.XMLMultiPageEditorPart",1320970873125
activated,editor,org.eclipse.wst.xml.ui,1.1.201.v201108151912,"org.eclipse.wst.xml.ui.internal.tabletree.XMLMultiPageEditorPart",1320970874671
deactivated,workbench,org.eclipse.ui.workbench,3.7.0.I20110519-0100,"",1320970891500
activated,workbench,org.eclipse.ui.workbench,3.7.0.I20110519-0100,"",1320972885359
activated,view,org.eclipse.ui.navigator.resources,3.4.300.I20110421-1800,"org.eclipse.ui.navigator.ProjectExplorer",1320972890781
activated,view,org.eclipse.wst.server.ui,1.1.306.v20110823_1704,"org.eclipse.wst.server.ui.ServersView",1320972914562
executed,command,org.eclipse.wst.server.ui,1.1.306.v20110823_1704,"org.eclipse.wst.server.stop",1320972917296
activated,view,org.eclipse.ui.console,3.5.100.v20110511,"org.eclipse.ui.console.ConsoleView",1320972917906
activated,view,org.eclipse.wst.server.ui,1.1.306.v20110823_1704,"org.eclipse.wst.server.ui.ServersView",1320972918843
activated,view,org.eclipse.ui.console,3.5.100.v20110511,"org.eclipse.ui.console.ConsoleView",1320972918921
activated,view,org.eclipse.wst.server.ui,1.1.306.v20110823_1704,"org.eclipse.wst.server.ui.ServersView",1320972920671
activated,view,org.eclipse.ui.navigator.resources,3.4.300.I20110421-1800,"org.eclipse.ui.navigator.ProjectExplorer",1320972924593
activated,view,org.eclipse.wst.server.ui,1.1.306.v20110823_1704,"org.eclipse.wst.server.ui.ServersView",1320972931781
deactivated,workbench,org.eclipse.ui.workbench,3.7.0.I20110519-0100,"",1320972936078
started,bundle,org.eclipse.jst.server.ui,1.1.202.v20110419,"org.eclipse.jst.server.ui",1320972941875
activated,workbench,org.eclipse.ui.workbench,3.7.0.I20110519-0100,"",1320972985453
executed,command,org.eclipse.ui,3.7.0.I20110602-0100,"org.eclipse.ui.window.preferences",1320972985500
activated,view,org.eclipse.ui.navigator.resources,3.4.300.I20110421-1800,"org.eclipse.ui.navigator.ProjectExplorer",1320972992421
deactivated,workbench,org.eclipse.ui.workbench,3.7.0.I20110519-0100,"",1320973002375
error,log,,,"Failed while invoking preset factory ""org.eclipse.wst.common.project.facet.core"".",1320973005375
error,log,,,"Failed while invoking preset factory ""org.eclipse.wst.common.project.facet.core"".",1320973005375
error,log,,,"Failed while invoking preset factory ""org.eclipse.wst.common.project.facet.core"".",1320973005375
error,log,,,"Failed while invoking preset factory ""org.eclipse.wst.common.project.facet.core"".",1320973005375
error,log,,,"Failed while invoking preset factory ""org.eclipse.wst.common.project.facet.core"".",1320973005375
error,log,,,"Failed while invoking preset factory ""org.eclipse.wst.common.project.facet.core"".",1320973005375
error,log,,,"Failed while invoking preset factory ""org.eclipse.wst.common.project.facet.core"".",1320973005375
error,log,,,"Failed while invoking preset factory ""org.eclipse.wst.common.project.facet.core"".",1320973005375
error,log,,,"Failed while invoking preset factory ""org.eclipse.wst.common.project.facet.core"".",1320973005375
error,log,,,"Failed while invoking preset factory ""org.eclipse.wst.common.project.facet.core"".",1320973005390
activated,workbench,org.eclipse.ui.workbench,3.7.0.I20110519-0100,"",1320973020796
executed,command,org.eclipse.ui,3.7.0.I20110602-0100,"org.eclipse.ui.file.properties",1320973020859
deactivated,workbench,org.eclipse.ui.workbench,3.7.0.I20110519-0100,"",1320973026265
activated,workbench,org.eclipse.ui.workbench,3.7.0.I20110519-0100,"",1320973035562
executed,command,org.eclipse.ui,3.7.0.I20110602-0100,"org.eclipse.ui.file.properties",1320973035609
deactivated,workbench,org.eclipse.ui.workbench,3.7.0.I20110519-0100,"",1320973041281
activated,workbench,org.eclipse.ui.workbench,3.7.0.I20110519-0100,"",1320973056093
executed,command,org.eclipse.ui,3.7.0.I20110602-0100,"org.eclipse.ui.newWizard",1320973056140
activated,view,org.eclipse.wst.server.ui,1.1.306.v20110823_1704,"org.eclipse.wst.server.ui.ServersView",1320973056937
deactivated,workbench,org.eclipse.ui.workbench,3.7.0.I20110519-0100,"",1320973058890
started,bundle,org.eclipse.wst.server.discovery,1.0.200.v20110518,"org.eclipse.wst.server.discovery",1320973065578
started,bundle,org.eclipse.equinox.p2.ui,2.1.0.v20110601,"org.eclipse.equinox.p2.ui",1320973065578
started,bundle,org.eclipse.equinox.p2.ui.sdk,1.0.200.v20110502-1955,"org.eclipse.equinox.p2.ui.sdk",1320973065593
started,bundle,org.eclipse.equinox.p2.updatesite,1.0.300.v20110510,"org.eclipse.equinox.p2.updatesite",1320973066343
started,bundle,org.eclipse.equinox.p2.publisher,1.2.0.v20110511,"org.eclipse.equinox.p2.publisher",1320973066343
started,bundle,org.eclipse.equinox.p2.transport.ecf,1.0.0.v20110510,"org.eclipse.equinox.p2.transport.ecf",1320973066453
started,bundle,org.eclipse.ecf.filetransfer,5.0.0.v20110531-2218,"org.eclipse.ecf.filetransfer",1320973066484
started,bundle,org.eclipse.ecf.identity,3.1.100.v20110531-2218,"org.eclipse.ecf.identity",1320973066515
started,bundle,org.eclipse.ecf,3.1.300.v20110531-2218,"org.eclipse.ecf",1320973066953
started,bundle,org.eclipse.ecf.provider.filetransfer.httpclient,4.0.0.v20110531-2218,"org.eclipse.ecf.provider.filetransfer.httpclient",1320973066968
started,bundle,org.eclipse.ecf.provider.filetransfer,3.2.0.v20110531-2218,"org.eclipse.ecf.provider.filetransfer",1320973066968
error,log,,,"WinHttp.GetProxyForUrl for pac failed with error 'The proxy auto-configuration script could not be downloaded\r\n' #12167.",1320973067000
started,bundle,org.eclipse.equinox.p2.publisher.eclipse,1.0.0.v20110511,"org.eclipse.equinox.p2.publisher.eclipse",1320973067812
activated,workbench,org.eclipse.ui.workbench,3.7.0.I20110519-0100,"",1320973086015
deactivated,workbench,org.eclipse.ui.workbench,3.7.0.I20110519-0100,"",1320973088937
activated,workbench,org.eclipse.ui.workbench,3.7.0.I20110519-0100,"",1320973094406
executed,command,org.eclipse.ui,3.7.0.I20110602-0100,"org.eclipse.ui.window.preferences",1320973094406
deactivated,workbench,org.eclipse.ui.workbench,3.7.0.I20110519-0100,"",1320973096593
started,bundle,org.eclipse.wst.server.preview.adapter,1.1.0.v20090311b,"org.eclipse.wst.server.preview.adapter",1320973096671
activated,workbench,org.eclipse.ui.workbench,3.7.0.I20110519-0100,"",1320973102000
activated,view,org.eclipse.ui.navigator.resources,3.4.300.I20110421-1800,"org.eclipse.ui.navigator.ProjectExplorer",1320973105218
deactivated,workbench,org.eclipse.ui.workbench,3.7.0.I20110519-0100,"",1320973110078
activated,workbench,org.eclipse.ui.workbench,3.7.0.I20110519-0100,"",1320973116828
executed,command,org.eclipse.ui,3.7.0.I20110602-0100,"org.eclipse.ui.file.properties",1320973116875
closed,editor,org.eclipse.wst.xml.ui,1.1.201.v201108151912,"org.eclipse.wst.xml.ui.internal.tabletree.XMLMultiPageEditorPart",1320973123687
closed,editor,org.eclipse.jdt.ui,3.7.1.r371_v20110824-0800,"org.eclipse.jdt.ui.CompilationUnitEditor",1320973123718
deactivated,workbench,org.eclipse.ui.workbench,3.7.0.I20110519-0100,"",1320973133843
activated,workbench,org.eclipse.ui.workbench,3.7.0.I20110519-0100,"",1320973139109
executed,command,org.eclipse.ltk.ui.refactoring,3.6.0.v20110505-0800,"org.eclipse.ltk.ui.refactoring.commands.deleteResources",1320973139140
executed,command,org.eclipse.ui,3.7.0.I20110602-0100,"org.eclipse.ui.edit.delete",1320973139140
closed,editor,org.eclipse.wst.xml.ui,1.1.201.v201108151912,"org.eclipse.wst.xml.ui.internal.tabletree.XMLMultiPageEditorPart",1320973143671
closed,editor,org.eclipse.jdt.ui,3.7.1.r371_v20110824-0800,"org.eclipse.jdt.ui.CompilationUnitEditor",1320973143750
activated,view,org.eclipse.wst.server.ui,1.1.306.v20110823_1704,"org.eclipse.wst.server.ui.ServersView",1320973148171
deactivated,workbench,org.eclipse.ui.workbench,3.7.0.I20110519-0100,"",1320973149781
activated,workbench,org.eclipse.ui.workbench,3.7.0.I20110519-0100,"",1320973154468
deactivated,workbench,org.eclipse.ui.workbench,3.7.0.I20110519-0100,"",1320973161531
activated,workbench,org.eclipse.ui.workbench,3.7.0.I20110519-0100,"",1320973170000
executed,command,org.eclipse.ui,3.7.0.I20110602-0100,"org.eclipse.ui.window.preferences",1320973170015
started,bundle,org.eclipse.wst.xsl.debug.ui,1.0.200.v201101281837,"org.eclipse.wst.xsl.debug.ui",1320973171046
deactivated,workbench,org.eclipse.ui.workbench,3.7.0.I20110519-0100,"",1320973179015
activated,workbench,org.eclipse.ui.workbench,3.7.0.I20110519-0100,"",1320973184203
executed,command,org.eclipse.ui,3.7.0.I20110602-0100,"org.eclipse.ui.window.preferences",1320973184218
deactivated,workbench,org.eclipse.ui.workbench,3.7.0.I20110519-0100,"",1320973192671
activated,workbench,org.eclipse.ui.workbench,3.7.0.I20110519-0100,"",1320973193718
closed,workbench,org.eclipse.ui.workbench,3.7.0.I20110519-0100,"",1320973193796
stopped,bundle,org.eclipse.jst.ws.axis.creation.ui,1.0.700.v201104070312,"org.eclipse.jst.ws.axis.creation.ui",1320973194140
stopped,bundle,org.eclipse.jst.ws.axis.consumption.ui,1.0.505.v201004211805,"org.eclipse.jst.ws.axis.consumption.ui",1320973194140
stopped,bundle,org.eclipse.jst.ws.axis.consumption.core,1.0.407.v201104071820,"org.eclipse.jst.ws.axis.consumption.core",1320973194140
stopped,bundle,org.eclipse.jst.ws.axis2.creation.ui,1.0.104.v201004211805,"org.eclipse.jst.ws.axis2.creation.ui",1320973194140
stopped,bundle,org.eclipse.jst.ws.axis2.consumption.ui,1.0.103.v201004211805,"org.eclipse.jst.ws.axis2.consumption.ui",1320973194140
stopped,bundle,org.eclipse.jst.ws.axis2.creation.core,1.0.106.v201004211805,"org.eclipse.jst.ws.axis2.creation.core",1320973194156
stopped,bundle,org.eclipse.jst.ws.axis2.consumption.core,1.0.105.v201004211805,"org.eclipse.jst.ws.axis2.consumption.core",1320973194156
stopped,bundle,org.eclipse.jst.ws.axis2.ui,1.0.303.v201003110431,"org.eclipse.jst.ws.axis2.ui",1320973194156
stopped,bundle,org.eclipse.jst.ws.axis2.core,1.0.204.v201004211805,"org.eclipse.jst.ws.axis2.core",1320973194156
stopped,bundle,org.eclipse.jst.ws.cxf.creation.ui,1.0.100.v201104022153,"org.eclipse.jst.ws.cxf.creation.ui",1320973194156
stopped,bundle,org.eclipse.jst.ws.creation.ui,1.0.609.v201103082016,"org.eclipse.jst.ws.creation.ui",1320973194156
stopped,bundle,org.eclipse.jst.ws.cxf.consumption.ui,1.0.0.v201003222311,"org.eclipse.jst.ws.cxf.consumption.ui",1320973194156
stopped,bundle,org.eclipse.jst.ws.consumption.ui,1.1.401.v201108240414,"org.eclipse.jst.ws.consumption.ui",1320973194156
stopped,bundle,org.eclipse.jst.ws.consumption,1.0.601.v201108230319,"org.eclipse.jst.ws.consumption",1320973194156
stopped,bundle,org.eclipse.jst.ws.cxf.consumption.core,1.0.0.v201003222311,"org.eclipse.jst.ws.cxf.consumption.core",1320973194156
stopped,bundle,org.eclipse.jst.ws.cxf.creation.core,1.0.100.v201104022153,"org.eclipse.jst.ws.cxf.creation.core",1320973194156
stopped,bundle,org.eclipse.jst.ws.cxf.ui,1.0.0.v201004171919,"org.eclipse.jst.ws.cxf.ui",1320973194156
stopped,bundle,org.eclipse.jst.ws.cxf.core,1.0.100.v201104022153,"org.eclipse.jst.ws.cxf.core",1320973194156
stopped,bundle,org.eclipse.jst.ws.uddiregistry,1.0.500.v201004211805,"org.eclipse.jst.ws.uddiregistry",1320973194156
stopped,bundle,org.eclipse.jst.ws.ui,1.0.403.v201004211805,"org.eclipse.jst.ws.ui",1320973194156
stopped,bundle,org.eclipse.jst.ws,1.0.509.v201108250610,"org.eclipse.jst.ws",1320973194156
stopped,bundle,org.eclipse.wst.ws.explorer,1.0.607.v201103082002,"org.eclipse.wst.ws.explorer",1320973194156
stopped,bundle,org.eclipse.wst.wsdl.ui,1.2.403.v201108240515,"org.eclipse.wst.wsdl.ui",1320973194156
stopped,bundle,org.eclipse.wst.ws.ui,1.1.200.v201004211805,"org.eclipse.wst.ws.ui",1320973194171
stopped,bundle,org.eclipse.wst.wsi.ui,1.0.502.v201104071820,"org.eclipse.wst.wsi.ui",1320973194171
stopped,bundle,org.eclipse.wst.wsi,1.0.401.v201104071820,"org.eclipse.wst.wsi",1320973194171
stopped,bundle,org.eclipse.wst.ws,1.1.203.v201004211805,"org.eclipse.wst.ws",1320973194171
stopped,bundle,org.eclipse.jst.j2ee.webservice.ui,1.1.500.v201105122000,"org.eclipse.jst.j2ee.webservice.ui",1320973194171
stopped,bundle,org.eclipse.jst.j2ee.webservice,1.1.400.v201004110600,"org.eclipse.jst.j2ee.webservice",1320973194171
stopped,bundle,org.eclipse.wst.ws.parser,1.0.403.v201004211805,"org.eclipse.wst.ws.parser",1320973194171
stopped,bundle,org.eclipse.jpt.dbws.eclipselink.ui,1.0.0.v201104110000,"org.eclipse.jpt.dbws.eclipselink.ui",1320973194171
stopped,bundle,org.eclipse.jst.ws.jaxws.ui,1.0.100.v201104032053,"org.eclipse.jst.ws.jaxws.ui",1320973194171
stopped,bundle,org.eclipse.jst.ws.jaxws.core,1.0.100.v201104031139,"org.eclipse.jst.ws.jaxws.core",1320973194171
stopped,bundle,org.eclipse.mylyn.bugzilla.ui,3.6.0.v20110608-1400,"org.eclipse.mylyn.bugzilla.ui",1320973194171
stopped,bundle,org.eclipse.mylyn.bugzilla.core,3.6.2.v20110903-0100,"org.eclipse.mylyn.bugzilla.core",1320973194171
stopped,bundle,org.eclipse.mylyn.commons.xmlrpc,3.6.0.v20110608-1400,"org.eclipse.mylyn.commons.xmlrpc",1320973194171
stopped,bundle,org.eclipse.datatools.enablement.oda.ws.ui,1.2.2.v201105111200,"org.eclipse.datatools.enablement.oda.ws.ui",1320973194171
stopped,bundle,org.eclipse.datatools.enablement.oda.ws,1.2.2.v201106161731,"org.eclipse.datatools.enablement.oda.ws",1320973194171
stopped,bundle,org.eclipse.wst.wsdl,1.2.202.v201108230355,"org.eclipse.wst.wsdl",1320973194171
stopped,bundle,org.eclipse.wst.wsdl.validation,1.1.502.v201104071820,"org.eclipse.wst.wsdl.validation",1320973194171
stopped,bundle,org.eclipse.wst.xsl.exslt.ui,1.0.0.v201006012005,"org.eclipse.wst.xsl.exslt.ui",1320973194171
stopped,bundle,org.eclipse.wst.xsl.jaxp.debug.ui,1.0.200.v201103081922,"org.eclipse.wst.xsl.jaxp.debug.ui",1320973194171
stopped,bundle,org.eclipse.wst.xsl.ui,1.1.200.v201103082057,"org.eclipse.wst.xsl.ui",1320973194171
stopped,bundle,org.eclipse.wst.xml.xpath.ui,1.1.100.v201105030025,"org.eclipse.wst.xml.xpath.ui",1320973194171
stopped,bundle,org.eclipse.wst.xsl.debug.ui,1.0.200.v201101281837,"org.eclipse.wst.xsl.debug.ui",1320973194171
stopped,bundle,org.eclipse.wst.xsl.jaxp.launching,1.0.200.v201103081922,"org.eclipse.wst.xsl.jaxp.launching",1320973194171
stopped,bundle,org.eclipse.wst.xsl.launching,1.0.200.v201103081922,"org.eclipse.wst.xsl.launching",1320973194171
stopped,bundle,org.eclipse.wst.xsl.core,1.1.100.v201102270516,"org.eclipse.wst.xsl.core",1320973194171
stopped,bundle,org.eclipse.wst.xml.xpath.core,1.2.1.v201109010357,"org.eclipse.wst.xml.xpath.core",1320973194171
stopped,bundle,org.eclipse.datatools.enablement.oda.xml.ui,1.2.1.v201104211630,"org.eclipse.datatools.enablement.oda.xml.ui",1320973194171
stopped,bundle,org.eclipse.datatools.enablement.oda.xml,1.2.1.v201104121500,"org.eclipse.datatools.enablement.oda.xml",1320973194171
stopped,bundle,org.eclipse.jst.jsf.apache.trinidad.tagsupport,1.1.200.v201104061711,"org.eclipse.jst.jsf.apache.trinidad.tagsupport",1320973194171
stopped,bundle,org.eclipse.jst.jsf.facelet.ui,1.0.1.v201104032306,"org.eclipse.jst.jsf.facelet.ui",1320973194171
stopped,bundle,org.eclipse.jst.jsf.facelet.core,1.0.100.v201104191527,"org.eclipse.jst.jsf.facelet.core",1320973194187
stopped,bundle,org.eclipse.jst.jsf.facesconfig.ui,1.2.2.v201103292152,"org.eclipse.jst.jsf.facesconfig.ui",1320973194187
stopped,bundle,org.eclipse.jst.jsf.ui,1.3.2.v201104251204,"org.eclipse.jst.jsf.ui",1320973194187
stopped,bundle,org.eclipse.jst.pagedesigner.jsf.ui,1.2.100.v201104061711,"org.eclipse.jst.pagedesigner.jsf.ui",1320973194187
stopped,bundle,org.eclipse.jst.pagedesigner,1.3.103.v201109010833,"org.eclipse.jst.pagedesigner",1320973194187
stopped,bundle,org.eclipse.jst.jsf.core,1.3.105.v201108261005,"org.eclipse.jst.jsf.core",1320973194187
stopped,bundle,org.eclipse.jst.jsf.common.ui,1.2.100.v201104061711,"org.eclipse.jst.jsf.common.ui",1320973194187
stopped,bundle,org.eclipse.jst.jsf.standard.tagsupport,1.2.100.v201104061711,"org.eclipse.jst.jsf.standard.tagsupport",1320973194187
stopped,bundle,org.eclipse.jst.pagedesigner.jsp.core,1.2.0.v20100308,"org.eclipse.jst.pagedesigner.jsp.core",1320973194187
stopped,bundle,org.eclipse.jst.jsf.common,1.2.3.v201104061039,"org.eclipse.jst.jsf.common",1320973194187
stopped,bundle,org.eclipse.wst.jsdt.web.support.jsp,1.0.400.v201102241833,"org.eclipse.wst.jsdt.web.support.jsp",1320973194187
stopped,bundle,org.eclipse.jst.jsp.ui,1.1.601.v201108151912,"org.eclipse.jst.jsp.ui",1320973194187
stopped,bundle,org.eclipse.jst.jsp.core,1.2.401.v201108302147,"org.eclipse.jst.jsp.core",1320973194187
stopped,bundle,org.eclipse.wst.jsdt.web.ui,1.0.401.v201108152113,"org.eclipse.wst.jsdt.web.ui",1320973194187
stopped,bundle,org.eclipse.jpt.jaxb.eclipselink.ui,1.1.0.v201105110000,"org.eclipse.jpt.jaxb.eclipselink.ui",1320973194187
stopped,bundle,org.eclipse.jpt.jaxb.ui,1.1.1.v201108080010,"org.eclipse.jpt.jaxb.ui",1320973194187
stopped,bundle,org.eclipse.jpt.jpa.eclipselink.ui,2.0.1.v201108080010,"org.eclipse.jpt.jpa.eclipselink.ui",1320973194187
stopped,bundle,org.eclipse.jpt.jpa.ui,3.0.1.v201108080010,"org.eclipse.jpt.jpa.ui",1320973194187
stopped,bundle,org.eclipse.jst.j2ee.ejb.annotations.ui,1.1.200.v201004290730,"org.eclipse.jst.j2ee.ejb.annotations.ui",1320973194187
stopped,bundle,org.eclipse.jst.ejb.ui,1.1.600.v201104261451,"org.eclipse.jst.ejb.ui",1320973194187
stopped,bundle,org.eclipse.jst.servlet.ui,1.1.501.v201108220630,"org.eclipse.jst.servlet.ui",1320973194187
stopped,bundle,org.eclipse.jst.ws.jaxws.dom.integration,1.0.100.v201101252155,"org.eclipse.jst.ws.jaxws.dom.integration",1320973194187
stopped,bundle,org.eclipse.jst.jee.ui,1.0.400.v201105122000,"org.eclipse.jst.jee.ui",1320973194187
stopped,bundle,org.eclipse.jst.j2ee.navigator.ui,1.1.501.v201107261503,"org.eclipse.jst.j2ee.navigator.ui",1320973194187
stopped,bundle,org.eclipse.jst.j2ee.jca.ui,1.1.400.v201004150700,"org.eclipse.jst.j2ee.jca.ui",1320973194187
stopped,bundle,org.eclipse.jst.j2ee.ui,1.1.501.v201108231700,"org.eclipse.jst.j2ee.ui",1320973194187
stopped,bundle,org.eclipse.wst.web.ui,1.1.400.v201004141630,"org.eclipse.wst.web.ui",1320973194187
stopped,bundle,org.eclipse.wst.html.ui,1.0.601.v201108152113,"org.eclipse.wst.html.ui",1320973194187
stopped,bundle,org.eclipse.wst.css.ui,1.0.600.v201103022054,"org.eclipse.wst.css.ui",1320973194187
stopped,bundle,org.eclipse.wst.jsdt.web.core,1.0.401.v201108152113,"org.eclipse.wst.jsdt.web.core",1320973194203
stopped,bundle,org.eclipse.wst.html.core,1.1.501.v201109080146,"org.eclipse.wst.html.core",1320973194203
stopped,bundle,org.eclipse.wst.css.core,1.1.500.v201104191926,"org.eclipse.wst.css.core",1320973194203
stopped,bundle,org.eclipse.jpt.jaxb.eclipselink.core,1.0.0.v201105180000,"org.eclipse.jpt.jaxb.eclipselink.core",1320973194203
stopped,bundle,org.eclipse.jpt.jpa.eclipselink.core,2.0.1.v201108303010,"org.eclipse.jpt.jpa.eclipselink.core",1320973194203
stopped,bundle,org.eclipse.jpt.common.eclipselink.core,1.0.1.v201108080010,"org.eclipse.jpt.common.eclipselink.core",1320973194203
stopped,bundle,org.eclipse.jpt.jaxb.core,1.0.1.v201108080010,"org.eclipse.jpt.jaxb.core",1320973194203
stopped,bundle,org.eclipse.jpt.jpa.core,3.0.1.v201109073010,"org.eclipse.jpt.jpa.core",1320973194203
stopped,bundle,org.eclipse.jpt.common.ui,1.0.0.v201104120000,"org.eclipse.jpt.common.ui",1320973194203
stopped,bundle,org.eclipse.jpt.common.core,1.0.1.v201108080010,"org.eclipse.jpt.common.core",1320973194203
stopped,bundle,org.eclipse.jst.j2ee.xdoclet.runtime,1.1.300.v201004280700,"org.eclipse.jst.j2ee.xdoclet.runtime",1320973194203
stopped,bundle,org.eclipse.jst.j2ee.ejb.annotations.xdoclet,1.2.200.v201103302125,"org.eclipse.jst.j2ee.ejb.annotations.xdoclet",1320973194203
stopped,bundle,org.eclipse.jst.j2ee.ejb.annotations.emitter,1.1.200.v200909290826,"org.eclipse.jst.j2ee.ejb.annotations.emitter",1320973194203
stopped,bundle,org.eclipse.jst.j2ee.ejb.annotation.model,1.1.300.v201003112036,"org.eclipse.jst.j2ee.ejb.annotation.model",1320973194203
stopped,bundle,org.eclipse.jst.jee.ejb,1.0.301.v201007070821,"org.eclipse.jst.jee.ejb",1320973194203
stopped,bundle,org.eclipse.jst.j2ee.ejb,1.1.503.v201108102200,"org.eclipse.jst.j2ee.ejb",1320973194203
stopped,bundle,org.eclipse.jst.jee.web,1.0.301.v201007070907,"org.eclipse.jst.jee.web",1320973194203
stopped,bundle,org.eclipse.jst.ws.jaxrs.ui,1.0.401.v201108230518,"org.eclipse.jst.ws.jaxrs.ui",1320973194203
stopped,bundle,org.eclipse.jst.ws.jaxrs.core,1.0.301.v201108240656,"org.eclipse.jst.ws.jaxrs.core",1320973194203
stopped,bundle,org.eclipse.jst.j2ee.web,1.1.501.v201108231500,"org.eclipse.jst.j2ee.web",1320973194203
stopped,bundle,org.eclipse.jst.jee,1.0.401.v201105122000,"org.eclipse.jst.jee",1320973194203
stopped,bundle,org.eclipse.jst.j2ee.jca,1.1.500.v201108102200,"org.eclipse.jst.j2ee.jca",1320973194203
stopped,bundle,org.eclipse.jst.jsf.facesconfig,1.2.2.v201105031140,"org.eclipse.jst.jsf.facesconfig",1320973194203
stopped,bundle,org.eclipse.jst.j2ee,1.1.501.v201108231845,"org.eclipse.jst.j2ee",1320973194203
stopped,bundle,org.eclipse.jst.j2ee.core,1.2.101.v201108110300,"org.eclipse.jst.j2ee.core",1320973194203
stopped,bundle,org.eclipse.wst.dtd.ui,1.0.600.v201103171359,"org.eclipse.wst.dtd.ui",1320973194203
stopped,bundle,org.eclipse.wst.dtd.core,1.1.501.v201107252021,"org.eclipse.wst.dtd.core",1320973194203
stopped,bundle,org.eclipse.wst.xsd.ui,1.2.404.v201105050216,"org.eclipse.wst.xsd.ui",1320973194203
stopped,bundle,org.eclipse.wst.xml.ui,1.1.201.v201108151912,"org.eclipse.wst.xml.ui",1320973194203
stopped,bundle,org.eclipse.wst.xml.xpath2.wtptypes,2.0.0.v201103212215,"org.eclipse.wst.xml.xpath2.wtptypes",1320973194218
stopped,bundle,org.eclipse.wst.xsd.core,1.1.600.v201104070312,"org.eclipse.wst.xsd.core",1320973194218
stopped,bundle,org.eclipse.wst.xml.core,1.1.601.v201108302147,"org.eclipse.wst.xml.core",1320973194218
stopped,bundle,org.eclipse.mylyn.ide.ant,3.6.0.v20110608-1400,"org.eclipse.mylyn.ide.ant",1320973194218
stopped,bundle,org.eclipse.mylyn.java.ui,3.6.0.v20110608-1400,"org.eclipse.mylyn.java.ui",1320973194218
stopped,bundle,org.eclipse.mylyn.ide.ui,3.6.0.v20110608-1400,"org.eclipse.mylyn.ide.ui",1320973194218
stopped,bundle,org.eclipse.mylyn.team.ui,3.6.1.v20110825-0100,"org.eclipse.mylyn.team.ui",1320973194218
stopped,bundle,org.eclipse.mylyn.resources.ui,3.6.0.v20110608-1400,"org.eclipse.mylyn.resources.ui",1320973194218
stopped,bundle,org.eclipse.mylyn.wikitext.tasks.ui,1.5.0.v20110608-1400,"org.eclipse.mylyn.wikitext.tasks.ui",1320973194218
stopped,bundle,org.eclipse.mylyn.context.ui,3.6.0.v20110608-1400,"org.eclipse.mylyn.context.ui",1320973194218
stopped,bundle,org.eclipse.mylyn.help.ui,3.6.1.v20110830-0100,"org.eclipse.mylyn.help.ui",1320973194218
stopped,bundle,org.eclipse.mylyn.java.tasks,3.6.0.v20110608-1400,"org.eclipse.mylyn.java.tasks",1320973194218
stopped,bundle,org.eclipse.mylyn.tasks.bugs,3.6.1.v20110825-0100,"org.eclipse.mylyn.tasks.bugs",1320973194218
stopped,bundle,org.eclipse.mylyn.tasks.ui,3.6.2.v20110826-0100,"org.eclipse.mylyn.tasks.ui",1320973194218
stopped,bundle,org.eclipse.help.webapp,3.6.0.v20110518,"org.eclipse.help.webapp",1320973194218
